UTC,Open,High,Low,Close,Volume
07.08.2025 06:00:00.000 UTC,1.16751,1.1676,1.16741,1.16749,109.27
07.08.2025 06:01:00.000 UTC,1.16749,1.16751,1.16737,1.1675,46.2
07.08.2025 06:02:00.000 UTC,1.16748,1.16754,1.16739,1.1675,70.2
07.08.2025 06:03:00.000 UTC,1.1675,1.16751,1.16724,1.16725,67.5
07.08.2025 06:04:00.000 UTC,1.16725,1.16729,1.16721,1.16721,28.8
07.08.2025 06:05:00.000 UTC,1.16723,1.16727,1.16716,1.16724,46.35
07.08.2025 06:06:00.000 UTC,1.16725,1.16742,1.16714,1.16725,71.49
07.08.2025 06:07:00.000 UTC,1.16726,1.16739,1.16722,1.16735,64.89
07.08.2025 06:08:00.000 UTC,1.16734,1.16734,1.16707,1.16707,70.5
07.08.2025 06:09:00.000 UTC,1.16707,1.16708,1.16701,1.16705,114.75
07.08.2025 06:10:00.000 UTC,1.16703,1.16709,1.16693,1.16693,72.51
07.08.2025 06:11:00.000 UTC,1.16694,1.16708,1.16694,1.16704,118.08
07.08.2025 06:12:00.000 UTC,1.16701,1.16703,1.16686,1.1669,112.63
07.08.2025 06:13:00.000 UTC,1.16691,1.16696,1.16688,1.16693,193.35
07.08.2025 06:14:00.000 UTC,1.16692,1.16692,1.16678,1.16681,98.13
07.08.2025 06:15:00.000 UTC,1.16681,1.16715,1.16681,1.16712,155.82
07.08.2025 06:16:00.000 UTC,1.16712,1.16726,1.16711,1.16716,116.55
07.08.2025 06:17:00.000 UTC,1.16717,1.16751,1.16717,1.16744,128.7
07.08.2025 06:18:00.000 UTC,1.16743,1.16745,1.16738,1.1674,64.65
07.08.2025 06:19:00.000 UTC,1.16741,1.16744,1.16711,1.16719,171.15
07.08.2025 06:20:00.000 UTC,1.1672,1.1674,1.16718,1.1673,108.12
07.08.2025 06:21:00.000 UTC,1.16729,1.1673,1.1672,1.16724,93.41
07.08.2025 06:22:00.000 UTC,1.16724,1.16731,1.16719,1.16724,35.67
07.08.2025 06:23:00.000 UTC,1.16729,1.16735,1.1672,1.1672,34.29
07.08.2025 06:24:00.000 UTC,1.16714,1.16746,1.16714,1.16746,59.85
07.08.2025 06:25:00.000 UTC,1.16744,1.16745,1.16728,1.16739,73.14
07.08.2025 06:26:00.000 UTC,1.16739,1.16754,1.16739,1.16749,47.91
07.08.2025 06:27:00.000 UTC,1.16749,1.16753,1.16744,1.16751,39.24
07.08.2025 06:28:00.000 UTC,1.16754,1.16755,1.16747,1.16754,78.77
07.08.2025 06:29:00.000 UTC,1.16753,1.16763,1.16743,1.16761,82.82
07.08.2025 06:30:00.000 UTC,1.16757,1.1676,1.16746,1.16746,57.6
07.08.2025 06:31:00.000 UTC,1.16747,1.16757,1.16744,1.16753,28.35
07.08.2025 06:32:00.000 UTC,1.16753,1.16772,1.16753,1.16762,80.28
07.08.2025 06:33:00.000 UTC,1.16761,1.16765,1.16752,1.16759,46.56
07.08.2025 06:34:00.000 UTC,1.16757,1.16757,1.16744,1.16754,42.75
07.08.2025 06:35:00.000 UTC,1.1675,1.16757,1.16748,1.16749,66.6
07.08.2025 06:36:00.000 UTC,1.16749,1.16751,1.16735,1.16744,53.37
07.08.2025 06:37:00.000 UTC,1.16748,1.1675,1.16739,1.16744,68.04
07.08.2025 06:38:00.000 UTC,1.16746,1.16749,1.16744,1.16744,11.7
07.08.2025 06:39:00.000 UTC,1.16745,1.1675,1.16745,1.1675,31.05
07.08.2025 06:40:00.000 UTC,1.16752,1.16761,1.16741,1.16745,64.8
07.08.2025 06:41:00.000 UTC,1.16747,1.16748,1.16732,1.16737,37.79
07.08.2025 06:42:00.000 UTC,1.16737,1.16753,1.16735,1.16749,42.3
07.08.2025 06:43:00.000 UTC,1.1675,1.16756,1.16744,1.16749,53.74
07.08.2025 06:44:00.000 UTC,1.16748,1.16748,1.16732,1.16732,70.85
07.08.2025 06:45:00.000 UTC,1.16731,1.16757,1.16731,1.16753,110.49
07.08.2025 06:46:00.000 UTC,1.16751,1.1677,1.1675,1.1677,94.23
07.08.2025 06:47:00.000 UTC,1.16771,1.16778,1.16767,1.16769,73.89
07.08.2025 06:48:00.000 UTC,1.16771,1.16784,1.16771,1.16774,57.72
07.08.2025 06:49:00.000 UTC,1.16772,1.1678,1.16766,1.1678,51.21
07.08.2025 06:50:00.000 UTC,1.16779,1.1678,1.1676,1.16772,48.33
07.08.2025 06:51:00.000 UTC,1.16771,1.1679,1.16769,1.1679,52.38
07.08.2025 06:52:00.000 UTC,1.16792,1.16793,1.16779,1.16779,73.44
07.08.2025 06:53:00.000 UTC,1.16779,1.16784,1.16779,1.16779,15.3
07.08.2025 06:54:00.000 UTC,1.16781,1.16784,1.16777,1.16782,35.64
07.08.2025 06:55:00.000 UTC,1.1678,1.16796,1.16777,1.16788,66.48
07.08.2025 06:56:00.000 UTC,1.16787,1.1679,1.16778,1.16778,27
07.08.2025 06:57:00.000 UTC,1.16779,1.1678,1.1676,1.16773,44.59
07.08.2025 06:58:00.000 UTC,1.16772,1.16775,1.16754,1.16757,66.15
07.08.2025 06:59:00.000 UTC,1.16757,1.16762,1.16743,1.16758,92.7
07.08.2025 07:00:00.000 UTC,1.16761,1.16761,1.16748,1.16752,107.1
07.08.2025 07:01:00.000 UTC,1.16753,1.16756,1.16745,1.16752,66.69
07.08.2025 07:02:00.000 UTC,1.1675,1.16779,1.16746,1.16771,105.3
07.08.2025 07:03:00.000 UTC,1.16772,1.1678,1.16758,1.16763,47.24
07.08.2025 07:04:00.000 UTC,1.16765,1.16765,1.16746,1.16755,59.62
07.08.2025 07:05:00.000 UTC,1.16753,1.16755,1.16732,1.16732,37.57
07.08.2025 07:06:00.000 UTC,1.16734,1.16752,1.16734,1.16749,39.81
07.08.2025 07:07:00.000 UTC,1.1675,1.16753,1.16746,1.1675,28.32
07.08.2025 07:08:00.000 UTC,1.16751,1.16759,1.16745,1.16751,42.78
07.08.2025 07:09:00.000 UTC,1.1675,1.16763,1.16747,1.1676,61.89
07.08.2025 07:10:00.000 UTC,1.16761,1.16772,1.16758,1.16758,36.9
07.08.2025 07:11:00.000 UTC,1.16759,1.16759,1.16741,1.16742,46.35
07.08.2025 07:12:00.000 UTC,1.16741,1.16753,1.1674,1.16752,61.38
07.08.2025 07:13:00.000 UTC,1.16753,1.16765,1.1675,1.16765,32.85
07.08.2025 07:14:00.000 UTC,1.16764,1.16765,1.16746,1.16746,65.02
07.08.2025 07:15:00.000 UTC,1.16748,1.1675,1.16738,1.16746,99.2
07.08.2025 07:16:00.000 UTC,1.16746,1.16779,1.16743,1.16779,65.73
07.08.2025 07:17:00.000 UTC,1.1678,1.16783,1.16775,1.16783,31.32
07.08.2025 07:18:00.000 UTC,1.16788,1.1679,1.16768,1.16768,46.02
07.08.2025 07:19:00.000 UTC,1.16767,1.16767,1.16752,1.1676,49.59
07.08.2025 07:20:00.000 UTC,1.16768,1.16773,1.16759,1.16759,70.36
07.08.2025 07:21:00.000 UTC,1.16765,1.16766,1.16744,1.16744,45.9
07.08.2025 07:22:00.000 UTC,1.16746,1.1678,1.16744,1.16778,59.07
07.08.2025 07:23:00.000 UTC,1.16779,1.16788,1.16779,1.16787,42.06
07.08.2025 07:24:00.000 UTC,1.16788,1.16802,1.16786,1.16795,60.99
07.08.2025 07:25:00.000 UTC,1.16795,1.16797,1.16768,1.16768,74.25
07.08.2025 07:26:00.000 UTC,1.16769,1.1677,1.16758,1.16767,39.15
07.08.2025 07:27:00.000 UTC,1.16766,1.16785,1.16766,1.16783,45.9
07.08.2025 07:28:00.000 UTC,1.16783,1.16786,1.16775,1.16781,26.1
07.08.2025 07:29:00.000 UTC,1.16782,1.16788,1.16772,1.16782,124.2
07.08.2025 07:30:00.000 UTC,1.16783,1.16795,1.16758,1.16759,107.77
07.08.2025 07:31:00.000 UTC,1.16758,1.16772,1.16758,1.16761,48.84
07.08.2025 07:32:00.000 UTC,1.16758,1.1676,1.16753,1.16756,48.03
07.08.2025 07:33:00.000 UTC,1.16755,1.16764,1.16755,1.16764,21.81
07.08.2025 07:34:00.000 UTC,1.16763,1.1677,1.16762,1.16765,35.64
07.08.2025 07:35:00.000 UTC,1.16763,1.16805,1.16763,1.16805,54.09
07.08.2025 07:36:00.000 UTC,1.16806,1.16841,1.16806,1.16829,100.83
07.08.2025 07:37:00.000 UTC,1.1683,1.16844,1.16821,1.16844,70.03
07.08.2025 07:38:00.000 UTC,1.16844,1.1686,1.16843,1.1686,60.57
07.08.2025 07:39:00.000 UTC,1.16858,1.1686,1.16844,1.16851,58.05
07.08.2025 07:40:00.000 UTC,1.1685,1.1685,1.16836,1.16844,46.68
07.08.2025 07:41:00.000 UTC,1.16844,1.16844,1.1683,1.16831,106.05
07.08.2025 07:42:00.000 UTC,1.16835,1.16841,1.16813,1.16828,122.8
07.08.2025 07:43:00.000 UTC,1.1683,1.16847,1.16828,1.16847,81.87
07.08.2025 07:44:00.000 UTC,1.16848,1.16856,1.16831,1.16839,65.01
07.08.2025 07:45:00.000 UTC,1.16838,1.16846,1.16826,1.16844,91.38
07.08.2025 07:46:00.000 UTC,1.16843,1.16849,1.1684,1.16841,26.97
07.08.2025 07:47:00.000 UTC,1.16843,1.16869,1.1684,1.16861,150.22
07.08.2025 07:48:00.000 UTC,1.1686,1.16875,1.1686,1.16868,81.9
07.08.2025 07:49:00.000 UTC,1.1687,1.16882,1.1686,1.1687,56.28
07.08.2025 07:50:00.000 UTC,1.16874,1.16892,1.16869,1.16881,61.77
07.08.2025 07:51:00.000 UTC,1.16879,1.16899,1.16878,1.16895,70.35
07.08.2025 07:52:00.000 UTC,1.16894,1.16911,1.16883,1.16883,127.02
07.08.2025 07:53:00.000 UTC,1.16887,1.16897,1.1688,1.16893,87.38
07.08.2025 07:54:00.000 UTC,1.16891,1.16899,1.16884,1.16898,66.87
07.08.2025 07:55:00.000 UTC,1.16896,1.1691,1.16895,1.16908,49.92
07.08.2025 07:56:00.000 UTC,1.16907,1.1691,1.16901,1.1691,50.4
07.08.2025 07:57:00.000 UTC,1.16906,1.1691,1.16895,1.16907,51.24
07.08.2025 07:58:00.000 UTC,1.16906,1.16906,1.16886,1.16892,83.88
07.08.2025 07:59:00.000 UTC,1.16891,1.16897,1.16875,1.16897,105.75
07.08.2025 08:00:00.000 UTC,1.16893,1.16911,1.1688,1.169,93.82
07.08.2025 08:01:00.000 UTC,1.16903,1.16922,1.16903,1.16915,109.68
07.08.2025 08:02:00.000 UTC,1.16913,1.16922,1.16899,1.16901,147.82
07.08.2025 08:03:00.000 UTC,1.16902,1.16921,1.16901,1.16913,97.38
07.08.2025 08:04:00.000 UTC,1.16915,1.16986,1.16915,1.16975,358.71
07.08.2025 08:05:00.000 UTC,1.16974,1.16974,1.16908,1.16909,186.4
07.08.2025 08:06:00.000 UTC,1.16909,1.16909,1.16856,1.16867,396.73
07.08.2025 08:07:00.000 UTC,1.16864,1.16864,1.16814,1.16818,259.83
07.08.2025 08:08:00.000 UTC,1.16817,1.16849,1.16807,1.16849,127.77
07.08.2025 08:09:00.000 UTC,1.16849,1.16886,1.16849,1.16879,68.58
07.08.2025 08:10:00.000 UTC,1.16879,1.16897,1.16866,1.16895,100.44
07.08.2025 08:11:00.000 UTC,1.16893,1.16916,1.16888,1.16888,118.89
07.08.2025 08:12:00.000 UTC,1.16887,1.16887,1.16829,1.16829,130.38
07.08.2025 08:13:00.000 UTC,1.16828,1.16842,1.16812,1.16823,109.21
07.08.2025 08:14:00.000 UTC,1.16821,1.16839,1.1682,1.16837,110.7
07.08.2025 08:15:00.000 UTC,1.16838,1.16841,1.16798,1.16798,95.61
07.08.2025 08:16:00.000 UTC,1.16798,1.16806,1.16788,1.16789,136.72
07.08.2025 08:17:00.000 UTC,1.16791,1.16795,1.16775,1.16791,91.35
07.08.2025 08:18:00.000 UTC,1.1679,1.16793,1.16771,1.16785,95.25
07.08.2025 08:19:00.000 UTC,1.16786,1.1679,1.1678,1.16785,80.64
07.08.2025 08:20:00.000 UTC,1.16784,1.16784,1.16755,1.1676,135.9
07.08.2025 08:21:00.000 UTC,1.16761,1.16775,1.16758,1.16771,81.45
07.08.2025 08:22:00.000 UTC,1.16773,1.16789,1.16769,1.16788,63.09
07.08.2025 08:23:00.000 UTC,1.16786,1.16792,1.16778,1.16779,61.77
07.08.2025 08:24:00.000 UTC,1.16777,1.16784,1.16769,1.16784,103.5
07.08.2025 08:25:00.000 UTC,1.16779,1.1678,1.16762,1.16778,94.43
07.08.2025 08:26:00.000 UTC,1.16776,1.16781,1.16766,1.16781,46.8
07.08.2025 08:27:00.000 UTC,1.1678,1.16784,1.16778,1.16783,56.7
07.08.2025 08:28:00.000 UTC,1.16784,1.16786,1.16769,1.16784,109.14
07.08.2025 08:29:00.000 UTC,1.16782,1.16784,1.16774,1.16775,73.34
07.08.2025 08:30:00.000 UTC,1.16777,1.1678,1.16764,1.1677,156.91
07.08.2025 08:31:00.000 UTC,1.16773,1.16787,1.16756,1.16763,76.26
07.08.2025 08:32:00.000 UTC,1.1676,1.16776,1.16759,1.16775,62.04
07.08.2025 08:33:00.000 UTC,1.16774,1.16798,1.16769,1.16788,57.24
07.08.2025 08:34:00.000 UTC,1.16789,1.16829,1.16789,1.16829,107.47
07.08.2025 08:35:00.000 UTC,1.16831,1.1684,1.16821,1.16833,174.29
07.08.2025 08:36:00.000 UTC,1.16832,1.16851,1.1683,1.16841,199.63
07.08.2025 08:37:00.000 UTC,1.16845,1.1688,1.16841,1.16874,150.7
07.08.2025 08:38:00.000 UTC,1.16872,1.16876,1.1686,1.16865,135.48
07.08.2025 08:39:00.000 UTC,1.16865,1.16875,1.16859,1.16873,110.4
07.08.2025 08:40:00.000 UTC,1.16872,1.16874,1.16858,1.16865,88.58
07.08.2025 08:41:00.000 UTC,1.16863,1.16863,1.16831,1.16831,217.69
07.08.2025 08:42:00.000 UTC,1.16833,1.16835,1.16816,1.1682,85.6
07.08.2025 08:43:00.000 UTC,1.16821,1.16829,1.16817,1.16829,37.35
07.08.2025 08:44:00.000 UTC,1.16828,1.16841,1.16826,1.1684,46.1
07.08.2025 08:45:00.000 UTC,1.16841,1.16851,1.1684,1.16846,35.6
07.08.2025 08:46:00.000 UTC,1.16846,1.16852,1.16834,1.16852,113.7
07.08.2025 08:47:00.000 UTC,1.16851,1.16875,1.16851,1.16865,113.38
07.08.2025 08:48:00.000 UTC,1.16864,1.16868,1.16854,1.16865,62.72
07.08.2025 08:49:00.000 UTC,1.16866,1.1687,1.16849,1.16854,71.22
07.08.2025 08:50:00.000 UTC,1.16858,1.1687,1.16849,1.16855,130.59
07.08.2025 08:51:00.000 UTC,1.16855,1.1686,1.16844,1.16855,118.5
07.08.2025 08:52:00.000 UTC,1.16857,1.1686,1.16853,1.16853,109.21
07.08.2025 08:53:00.000 UTC,1.16853,1.16859,1.1683,1.1683,103.83
07.08.2025 08:54:00.000 UTC,1.16833,1.16836,1.16826,1.16827,69.68
07.08.2025 08:55:00.000 UTC,1.16828,1.1683,1.16809,1.16811,71.76
07.08.2025 08:56:00.000 UTC,1.1681,1.16821,1.16807,1.16817,81.12
07.08.2025 08:57:00.000 UTC,1.16817,1.16828,1.16799,1.16828,91.53
07.08.2025 08:58:00.000 UTC,1.16825,1.16825,1.16808,1.16809,73.23
07.08.2025 08:59:00.000 UTC,1.16811,1.16826,1.16811,1.16824,83.79
07.08.2025 09:00:00.000 UTC,1.16828,1.16846,1.16828,1.16837,61.65
07.08.2025 09:01:00.000 UTC,1.16833,1.16833,1.16814,1.16815,62.55
07.08.2025 09:02:00.000 UTC,1.16815,1.16821,1.16814,1.16816,79.65
07.08.2025 09:03:00.000 UTC,1.16814,1.16814,1.16801,1.16804,32.85
07.08.2025 09:04:00.000 UTC,1.16806,1.16809,1.16798,1.16805,44.64
07.08.2025 09:05:00.000 UTC,1.16804,1.16816,1.16804,1.16811,36.81
07.08.2025 09:06:00.000 UTC,1.16814,1.16815,1.16797,1.16798,83.1
07.08.2025 09:07:00.000 UTC,1.16799,1.16823,1.16799,1.16816,93.6
07.08.2025 09:08:00.000 UTC,1.16817,1.16825,1.16807,1.16809,43.2
07.08.2025 09:09:00.000 UTC,1.1681,1.16812,1.16802,1.16811,28.35
07.08.2025 09:10:00.000 UTC,1.16809,1.16811,1.16807,1.16809,23.85
07.08.2025 09:11:00.000 UTC,1.16809,1.16811,1.16798,1.16799,57.98
07.08.2025 09:12:00.000 UTC,1.16799,1.16815,1.16799,1.16808,43.32
07.08.2025 09:13:00.000 UTC,1.16808,1.1681,1.16798,1.16803,69.23
07.08.2025 09:14:00.000 UTC,1.16803,1.16803,1.16798,1.16803,26.1
07.08.2025 09:15:00.000 UTC,1.16802,1.16803,1.16795,1.16798,31.05
07.08.2025 09:16:00.000 UTC,1.16798,1.16798,1.16773,1.1678,70.8
07.08.2025 09:17:00.000 UTC,1.16779,1.16791,1.16777,1.16787,63.76
07.08.2025 09:18:00.000 UTC,1.16789,1.16789,1.16782,1.16784,17.55
07.08.2025 09:19:00.000 UTC,1.16782,1.16796,1.16782,1.16796,22.5
07.08.2025 09:20:00.000 UTC,1.16793,1.16818,1.16793,1.16797,45.24
07.08.2025 09:21:00.000 UTC,1.16796,1.16796,1.16771,1.16773,108.7
07.08.2025 09:22:00.000 UTC,1.16772,1.16781,1.1677,1.16779,69.79
07.08.2025 09:23:00.000 UTC,1.16784,1.1679,1.16779,1.16783,25.65
07.08.2025 09:24:00.000 UTC,1.16782,1.16789,1.1678,1.16786,19.89
07.08.2025 09:25:00.000 UTC,1.16785,1.16791,1.16779,1.16781,31.95
07.08.2025 09:26:00.000 UTC,1.1678,1.16792,1.16775,1.16792,26.82
07.08.2025 09:27:00.000 UTC,1.16791,1.16801,1.16784,1.16799,63.75
07.08.2025 09:28:00.000 UTC,1.16798,1.16798,1.16778,1.16781,67.17
07.08.2025 09:29:00.000 UTC,1.16781,1.16791,1.16779,1.16785,38.34
07.08.2025 09:30:00.000 UTC,1.16784,1.16784,1.16773,1.16779,25.29
07.08.2025 09:31:00.000 UTC,1.16776,1.1679,1.16776,1.16788,24.03
07.08.2025 09:32:00.000 UTC,1.16787,1.16795,1.16781,1.16787,77.56
07.08.2025 09:33:00.000 UTC,1.16785,1.16788,1.16772,1.16775,30.15
07.08.2025 09:34:00.000 UTC,1.16774,1.16776,1.16757,1.16762,43.2
07.08.2025 09:35:00.000 UTC,1.16764,1.16771,1.16763,1.16765,37.5
07.08.2025 09:36:00.000 UTC,1.16766,1.16772,1.16761,1.16761,33.61
07.08.2025 09:37:00.000 UTC,1.16759,1.16759,1.16747,1.16749,63.45
07.08.2025 09:38:00.000 UTC,1.16747,1.16749,1.16732,1.1674,122.46
07.08.2025 09:39:00.000 UTC,1.16743,1.16771,1.16743,1.16766,45.66
07.08.2025 09:40:00.000 UTC,1.16765,1.16779,1.16761,1.16771,60.62
07.08.2025 09:41:00.000 UTC,1.16772,1.16792,1.1677,1.16792,28.89
07.08.2025 09:42:00.000 UTC,1.16789,1.16789,1.16777,1.16784,34.41
07.08.2025 09:43:00.000 UTC,1.16786,1.16786,1.16763,1.16764,59.55
07.08.2025 09:44:00.000 UTC,1.16763,1.1678,1.16759,1.1678,63.95
07.08.2025 09:45:00.000 UTC,1.16781,1.16781,1.16767,1.16771,27.45
07.08.2025 09:46:00.000 UTC,1.16773,1.16773,1.16759,1.16759,31.93
07.08.2025 09:47:00.000 UTC,1.1676,1.16762,1.16749,1.16751,30.63
07.08.2025 09:48:00.000 UTC,1.16749,1.16763,1.16746,1.16763,32.4
07.08.2025 09:49:00.000 UTC,1.16763,1.16767,1.16759,1.16763,29.7
07.08.2025 09:50:00.000 UTC,1.16765,1.16769,1.16759,1.16759,22.05
07.08.2025 09:51:00.000 UTC,1.1676,1.1676,1.16746,1.16746,33.75
07.08.2025 09:52:00.000 UTC,1.16744,1.16744,1.16736,1.16736,10.8
07.08.2025 09:53:00.000 UTC,1.16736,1.16742,1.1673,1.1674,34.65
07.08.2025 09:54:00.000 UTC,1.1674,1.16741,1.16731,1.16741,37.89
07.08.2025 09:55:00.000 UTC,1.16737,1.16745,1.16734,1.16734,30.33
07.08.2025 09:56:00.000 UTC,1.16735,1.16735,1.16726,1.16727,50.13
07.08.2025 09:57:00.000 UTC,1.16725,1.16725,1.16704,1.16704,198.31
07.08.2025 09:58:00.000 UTC,1.16704,1.16721,1.16703,1.16717,115.2
07.08.2025 09:59:00.000 UTC,1.16716,1.16724,1.16703,1.16705,138.96
07.08.2025 10:00:00.000 UTC,1.16707,1.16717,1.16705,1.16712,37.35
07.08.2025 10:01:00.000 UTC,1.16713,1.16713,1.16692,1.16692,64.33
07.08.2025 10:02:00.000 UTC,1.16692,1.16706,1.16689,1.16689,137.07
07.08.2025 10:03:00.000 UTC,1.16689,1.16691,1.16677,1.16682,69.12
07.08.2025 10:04:00.000 UTC,1.16685,1.16705,1.16685,1.1669,73.19
07.08.2025 10:05:00.000 UTC,1.16689,1.16696,1.16683,1.16693,34.95
07.08.2025 10:06:00.000 UTC,1.16689,1.16705,1.16688,1.167,40.5
07.08.2025 10:07:00.000 UTC,1.16701,1.16704,1.16684,1.16686,62.49
07.08.2025 10:08:00.000 UTC,1.16683,1.16683,1.16665,1.16667,44.64
07.08.2025 10:09:00.000 UTC,1.16667,1.16676,1.16667,1.16671,39.96
07.08.2025 10:10:00.000 UTC,1.16672,1.16686,1.16662,1.16662,87.95
07.08.2025 10:11:00.000 UTC,1.16663,1.16668,1.16646,1.1665,119.48
07.08.2025 10:12:00.000 UTC,1.16652,1.16663,1.16651,1.1666,43.77
07.08.2025 10:13:00.000 UTC,1.16661,1.16663,1.16653,1.16661,24.11
07.08.2025 10:14:00.000 UTC,1.16658,1.16663,1.16656,1.16658,25.86
07.08.2025 10:15:00.000 UTC,1.16657,1.16661,1.16627,1.16629,56.56
07.08.2025 10:16:00.000 UTC,1.16628,1.16645,1.16627,1.16642,71.37
07.08.2025 10:17:00.000 UTC,1.16641,1.16648,1.16627,1.16629,112.49
07.08.2025 10:18:00.000 UTC,1.16627,1.16632,1.16623,1.16629,209.06
07.08.2025 10:19:00.000 UTC,1.16629,1.1666,1.16627,1.1666,66.41
07.08.2025 10:20:00.000 UTC,1.1666,1.1666,1.16643,1.16652,63.33
07.08.2025 10:21:00.000 UTC,1.1665,1.16663,1.16648,1.16648,36.13
07.08.2025 10:22:00.000 UTC,1.1665,1.16651,1.16639,1.1664,30.72
07.08.2025 10:23:00.000 UTC,1.1664,1.16645,1.16635,1.16642,25.84
07.08.2025 10:24:00.000 UTC,1.16644,1.16646,1.16635,1.16635,44.81
07.08.2025 10:25:00.000 UTC,1.16634,1.16634,1.16621,1.16627,75.34
07.08.2025 10:26:00.000 UTC,1.16629,1.1663,1.16622,1.16622,31.43
07.08.2025 10:27:00.000 UTC,1.16624,1.16637,1.16624,1.16629,41.23
07.08.2025 10:28:00.000 UTC,1.16633,1.16636,1.16619,1.16625,68.47
07.08.2025 10:29:00.000 UTC,1.16629,1.16639,1.16615,1.16624,68.91
07.08.2025 10:30:00.000 UTC,1.16622,1.16657,1.16622,1.16657,73.46
07.08.2025 10:31:00.000 UTC,1.16656,1.16656,1.16635,1.16643,37.06
07.08.2025 10:32:00.000 UTC,1.16641,1.1665,1.1664,1.16646,30.27
07.08.2025 10:33:00.000 UTC,1.16648,1.16648,1.16637,1.16641,32.22
07.08.2025 10:34:00.000 UTC,1.16642,1.16646,1.16642,1.16642,24.06
07.08.2025 10:35:00.000 UTC,1.1664,1.16652,1.16625,1.16635,52.92
07.08.2025 10:36:00.000 UTC,1.16635,1.1664,1.1663,1.16635,20.19
07.08.2025 10:37:00.000 UTC,1.16637,1.1665,1.16635,1.16649,45.71
07.08.2025 10:38:00.000 UTC,1.1665,1.16654,1.16645,1.16649,35.1
07.08.2025 10:39:00.000 UTC,1.16651,1.16656,1.16649,1.16649,45.73
07.08.2025 10:40:00.000 UTC,1.16647,1.1665,1.1664,1.1665,28.8
07.08.2025 10:41:00.000 UTC,1.16649,1.16666,1.16642,1.16665,63.76
07.08.2025 10:42:00.000 UTC,1.16667,1.16677,1.16649,1.16658,86.11
07.08.2025 10:43:00.000 UTC,1.16658,1.16671,1.16657,1.16671,67.31
07.08.2025 10:44:00.000 UTC,1.1667,1.16675,1.16658,1.16665,101.17
07.08.2025 10:45:00.000 UTC,1.16664,1.1667,1.16653,1.16655,128.73
07.08.2025 10:46:00.000 UTC,1.16655,1.16682,1.16654,1.16682,156.41
07.08.2025 10:47:00.000 UTC,1.16681,1.16685,1.16667,1.16667,107.86
07.08.2025 10:48:00.000 UTC,1.16666,1.1668,1.16666,1.1668,28.35
07.08.2025 10:49:00.000 UTC,1.16679,1.16686,1.16679,1.16684,55.98
07.08.2025 10:50:00.000 UTC,1.16686,1.16692,1.16674,1.1669,36.99
07.08.2025 10:51:00.000 UTC,1.16691,1.16692,1.16679,1.16686,123.57
07.08.2025 10:52:00.000 UTC,1.16687,1.16691,1.16655,1.16669,176.18
07.08.2025 10:53:00.000 UTC,1.16669,1.16675,1.16664,1.1667,97.74
07.08.2025 10:54:00.000 UTC,1.1667,1.16685,1.16664,1.16685,70.32
07.08.2025 10:55:00.000 UTC,1.16686,1.167,1.1668,1.16693,134.58
07.08.2025 10:56:00.000 UTC,1.16691,1.16702,1.16689,1.16699,87.66
07.08.2025 10:57:00.000 UTC,1.16699,1.16708,1.16697,1.16698,52.13
07.08.2025 10:58:00.000 UTC,1.16699,1.167,1.16689,1.16694,44.64
07.08.2025 10:59:00.000 UTC,1.16697,1.16708,1.16697,1.167,60.39
07.08.2025 11:00:00.000 UTC,1.16702,1.16766,1.1669,1.16715,577.83
07.08.2025 11:01:00.000 UTC,1.16714,1.16738,1.16675,1.16685,343.31
07.08.2025 11:02:00.000 UTC,1.16684,1.16687,1.16663,1.16667,230.09
07.08.2025 11:03:00.000 UTC,1.16665,1.16665,1.16638,1.1664,199.06
07.08.2025 11:04:00.000 UTC,1.16639,1.1665,1.16622,1.1665,355.35
07.08.2025 11:05:00.000 UTC,1.1665,1.1665,1.16628,1.16641,245.84
07.08.2025 11:06:00.000 UTC,1.16642,1.16655,1.16629,1.16639,275.7
07.08.2025 11:07:00.000 UTC,1.16639,1.16645,1.16621,1.16624,340.52
07.08.2025 11:08:00.000 UTC,1.16624,1.16627,1.16591,1.166,366.37
07.08.2025 11:09:00.000 UTC,1.16602,1.16604,1.16591,1.16594,140.85
07.08.2025 11:10:00.000 UTC,1.16594,1.16598,1.16576,1.16592,343.17
07.08.2025 11:11:00.000 UTC,1.16591,1.16603,1.16566,1.16577,200.4
07.08.2025 11:12:00.000 UTC,1.16577,1.16577,1.16534,1.16534,247.97
07.08.2025 11:13:00.000 UTC,1.16534,1.16545,1.16511,1.16515,298.15
07.08.2025 11:14:00.000 UTC,1.16517,1.16569,1.16511,1.16565,200.88
07.08.2025 11:15:00.000 UTC,1.16565,1.1658,1.16562,1.16577,285.13
07.08.2025 11:16:00.000 UTC,1.16578,1.16597,1.16567,1.16594,95.04
07.08.2025 11:17:00.000 UTC,1.16594,1.16603,1.16583,1.16584,198.49
07.08.2025 11:18:00.000 UTC,1.16581,1.16583,1.16556,1.1656,95.78
07.08.2025 11:19:00.000 UTC,1.16559,1.1657,1.16542,1.16546,96.64
07.08.2025 11:20:00.000 UTC,1.16547,1.16564,1.16541,1.16543,116.85
07.08.2025 11:21:00.000 UTC,1.16543,1.16553,1.16532,1.16542,184.59
07.08.2025 11:22:00.000 UTC,1.16538,1.16556,1.16535,1.16547,71.76
07.08.2025 11:23:00.000 UTC,1.16546,1.16546,1.16533,1.16541,52.2
07.08.2025 11:24:00.000 UTC,1.16544,1.16548,1.16531,1.16544,47.25
07.08.2025 11:25:00.000 UTC,1.16542,1.16545,1.16532,1.16535,96.32
07.08.2025 11:26:00.000 UTC,1.16537,1.16549,1.16532,1.16548,77.33
07.08.2025 11:27:00.000 UTC,1.1655,1.16579,1.1655,1.16574,162.73
07.08.2025 11:28:00.000 UTC,1.16575,1.16576,1.16553,1.16554,187.5
07.08.2025 11:29:00.000 UTC,1.16554,1.16561,1.16541,1.16544,113.04
07.08.2025 11:30:00.000 UTC,1.16544,1.16547,1.16523,1.16538,96.21
07.08.2025 11:31:00.000 UTC,1.16538,1.16538,1.1652,1.16524,140.35
07.08.2025 11:32:00.000 UTC,1.16523,1.16532,1.1652,1.1653,136.77
07.08.2025 11:33:00.000 UTC,1.1653,1.16538,1.16512,1.16517,339.05
07.08.2025 11:34:00.000 UTC,1.16518,1.16523,1.16406,1.16432,567.57
07.08.2025 11:35:00.000 UTC,1.16433,1.16477,1.16428,1.16477,275.87
07.08.2025 11:36:00.000 UTC,1.16477,1.16489,1.16451,1.16454,136.03
07.08.2025 11:37:00.000 UTC,1.16454,1.16472,1.16441,1.16449,120.91
07.08.2025 11:38:00.000 UTC,1.16452,1.16458,1.1641,1.1641,178.74
07.08.2025 11:39:00.000 UTC,1.16414,1.16425,1.16407,1.16418,156.79
07.08.2025 11:40:00.000 UTC,1.16418,1.16429,1.16367,1.16368,316.85
07.08.2025 11:41:00.000 UTC,1.16366,1.16389,1.16341,1.16389,329.12
07.08.2025 11:42:00.000 UTC,1.16387,1.16407,1.16382,1.16403,155.13
07.08.2025 11:43:00.000 UTC,1.16403,1.1642,1.164,1.1642,108.51
07.08.2025 11:44:00.000 UTC,1.1642,1.16421,1.16398,1.16403,70.93
07.08.2025 11:45:00.000 UTC,1.16403,1.16412,1.16387,1.16411,54.39
07.08.2025 11:46:00.000 UTC,1.16409,1.16409,1.16388,1.16401,110.86
07.08.2025 11:47:00.000 UTC,1.16402,1.16413,1.16395,1.16397,85.97
07.08.2025 11:48:00.000 UTC,1.16397,1.16429,1.16395,1.16427,98.91
07.08.2025 11:49:00.000 UTC,1.16425,1.16433,1.16417,1.16428,57.84
07.08.2025 11:50:00.000 UTC,1.16429,1.1645,1.16423,1.16435,87.26
07.08.2025 11:51:00.000 UTC,1.16434,1.16438,1.16425,1.16425,54.76
07.08.2025 11:52:00.000 UTC,1.16424,1.1644,1.16419,1.16428,63.66
07.08.2025 11:53:00.000 UTC,1.1643,1.16439,1.16419,1.16424,80.88
07.08.2025 11:54:00.000 UTC,1.16426,1.1643,1.16421,1.16426,56.7
07.08.2025 11:55:00.000 UTC,1.16426,1.16451,1.16423,1.16435,111.18
07.08.2025 11:56:00.000 UTC,1.16436,1.16455,1.16436,1.16444,99.01
07.08.2025 11:57:00.000 UTC,1.16446,1.1646,1.1644,1.1644,118.92
07.08.2025 11:58:00.000 UTC,1.1644,1.16456,1.16438,1.1644,183.33
07.08.2025 11:59:00.000 UTC,1.16443,1.16467,1.16443,1.16445,106.26
07.08.2025 12:00:00.000 UTC,1.16442,1.16454,1.1643,1.16431,274.99
07.08.2025 12:01:00.000 UTC,1.16431,1.16438,1.16411,1.16416,94.33
07.08.2025 12:02:00.000 UTC,1.16414,1.16425,1.16399,1.1642,83.51
07.08.2025 12:03:00.000 UTC,1.16422,1.16434,1.16421,1.16422,55.95
07.08.2025 12:04:00.000 UTC,1.16421,1.16425,1.16404,1.1642,91.74
07.08.2025 12:05:00.000 UTC,1.16422,1.16441,1.16408,1.16431,190.93
07.08.2025 12:06:00.000 UTC,1.16434,1.16453,1.16426,1.16428,54
07.08.2025 12:07:00.000 UTC,1.16425,1.16433,1.16418,1.16422,59.59
07.08.2025 12:08:00.000 UTC,1.16421,1.16434,1.16421,1.16431,52.39
07.08.2025 12:09:00.000 UTC,1.16432,1.16432,1.1642,1.16422,57.76
07.08.2025 12:10:00.000 UTC,1.1642,1.1643,1.16412,1.16427,36.41
07.08.2025 12:11:00.000 UTC,1.16423,1.16434,1.16406,1.16406,79.61
07.08.2025 12:12:00.000 UTC,1.16405,1.1642,1.16393,1.16394,51.27
07.08.2025 12:13:00.000 UTC,1.16394,1.16397,1.16374,1.16376,128.5
07.08.2025 12:14:00.000 UTC,1.1638,1.164,1.1638,1.16397,59.35
07.08.2025 12:15:00.000 UTC,1.16397,1.16446,1.16395,1.16442,108.87
07.08.2025 12:16:00.000 UTC,1.16439,1.16446,1.16431,1.16442,47.7
07.08.2025 12:17:00.000 UTC,1.16441,1.16475,1.1644,1.16473,107.85
07.08.2025 12:18:00.000 UTC,1.16476,1.16494,1.16473,1.16492,126
07.08.2025 12:19:00.000 UTC,1.16493,1.16502,1.16478,1.16502,70.65
07.08.2025 12:20:00.000 UTC,1.16502,1.16523,1.16495,1.16504,94.91
07.08.2025 12:21:00.000 UTC,1.16503,1.16524,1.16503,1.16523,85.59
07.08.2025 12:22:00.000 UTC,1.16523,1.16544,1.16515,1.16515,71.86
07.08.2025 12:23:00.000 UTC,1.16516,1.1654,1.16515,1.16539,61.2
07.08.2025 12:24:00.000 UTC,1.16539,1.16566,1.16529,1.16555,73.08
07.08.2025 12:25:00.000 UTC,1.16557,1.16557,1.16539,1.16542,91.1
07.08.2025 12:26:00.000 UTC,1.16545,1.16545,1.16477,1.16479,209.72
07.08.2025 12:27:00.000 UTC,1.16481,1.16481,1.16463,1.16469,177.27
07.08.2025 12:28:00.000 UTC,1.1647,1.16478,1.16457,1.16472,104.15
07.08.2025 12:29:00.000 UTC,1.16476,1.16476,1.1646,1.16471,135.9
07.08.2025 12:30:00.000 UTC,1.16474,1.16556,1.16474,1.16544,559.4
07.08.2025 12:31:00.000 UTC,1.16543,1.16543,1.1649,1.16498,200.97
07.08.2025 12:32:00.000 UTC,1.16498,1.16546,1.16494,1.16527,192.69
07.08.2025 12:33:00.000 UTC,1.16525,1.16601,1.16518,1.16595,258.9
07.08.2025 12:34:00.000 UTC,1.16597,1.16601,1.16563,1.16577,246.33
07.08.2025 12:35:00.000 UTC,1.16577,1.16625,1.16577,1.16587,232.75
07.08.2025 12:36:00.000 UTC,1.16592,1.16611,1.16582,1.16592,190.56
07.08.2025 12:37:00.000 UTC,1.16591,1.16623,1.16586,1.16607,238.24
07.08.2025 12:38:00.000 UTC,1.16606,1.16606,1.1656,1.16562,320.12
07.08.2025 12:39:00.000 UTC,1.16562,1.16567,1.1653,1.16548,286.87
07.08.2025 12:40:00.000 UTC,1.16551,1.16564,1.16508,1.16516,311.08
07.08.2025 12:41:00.000 UTC,1.16514,1.16514,1.16478,1.16492,226.32
07.08.2025 12:42:00.000 UTC,1.16492,1.16508,1.16491,1.16507,248.85
07.08.2025 12:43:00.000 UTC,1.16507,1.16514,1.16482,1.1651,242.4
07.08.2025 12:44:00.000 UTC,1.16508,1.16526,1.16482,1.16488,278.68
07.08.2025 12:45:00.000 UTC,1.16489,1.16507,1.16488,1.165,263.1
07.08.2025 12:46:00.000 UTC,1.16501,1.16523,1.16498,1.16513,256.88
07.08.2025 12:47:00.000 UTC,1.16512,1.16525,1.16509,1.16512,186.01
07.08.2025 12:48:00.000 UTC,1.16513,1.16575,1.16513,1.16567,115.06
07.08.2025 12:49:00.000 UTC,1.16568,1.16568,1.16539,1.16542,195.48
07.08.2025 12:50:00.000 UTC,1.16543,1.16563,1.16541,1.16561,91.02
07.08.2025 12:51:00.000 UTC,1.16561,1.16576,1.16547,1.16549,80.12
07.08.2025 12:52:00.000 UTC,1.16549,1.16553,1.16504,1.16508,197.02
07.08.2025 12:53:00.000 UTC,1.16506,1.16518,1.16502,1.16515,150.85
07.08.2025 12:54:00.000 UTC,1.16512,1.16529,1.16508,1.16514,147
07.08.2025 12:55:00.000 UTC,1.16515,1.16518,1.16484,1.16508,240.69
07.08.2025 12:56:00.000 UTC,1.16507,1.16513,1.16495,1.16495,253.56
07.08.2025 12:57:00.000 UTC,1.16491,1.16526,1.16476,1.16519,359.81
07.08.2025 12:58:00.000 UTC,1.16519,1.16526,1.16491,1.16501,117.83
07.08.2025 12:59:00.000 UTC,1.16501,1.16515,1.16491,1.16511,114.53
07.08.2025 13:00:00.000 UTC,1.1651,1.16525,1.165,1.16516,111.09
07.08.2025 13:01:00.000 UTC,1.16515,1.16536,1.16515,1.16521,103.29
07.08.2025 13:02:00.000 UTC,1.16519,1.16521,1.16477,1.16478,104.2
07.08.2025 13:03:00.000 UTC,1.16476,1.16536,1.16474,1.1653,99.57
07.08.2025 13:04:00.000 UTC,1.16533,1.16544,1.16528,1.16539,183.83
07.08.2025 13:05:00.000 UTC,1.16539,1.1656,1.16533,1.16548,161.36
07.08.2025 13:06:00.000 UTC,1.16547,1.16548,1.16492,1.16507,211.83
07.08.2025 13:07:00.000 UTC,1.16502,1.16521,1.1646,1.16462,222.43
07.08.2025 13:08:00.000 UTC,1.16463,1.16481,1.1644,1.16481,167.37
07.08.2025 13:09:00.000 UTC,1.16481,1.16489,1.16457,1.16477,86.22
07.08.2025 13:10:00.000 UTC,1.16476,1.16512,1.16473,1.16511,96.97
07.08.2025 13:11:00.000 UTC,1.16513,1.1652,1.16502,1.16504,113.2
07.08.2025 13:12:00.000 UTC,1.16508,1.16512,1.16488,1.16489,86.85
07.08.2025 13:13:00.000 UTC,1.16491,1.16503,1.16484,1.16496,53.19
07.08.2025 13:14:00.000 UTC,1.16494,1.16504,1.16476,1.16491,73.28
07.08.2025 13:15:00.000 UTC,1.16492,1.16517,1.1649,1.16501,118.98
07.08.2025 13:16:00.000 UTC,1.16499,1.16538,1.16495,1.16533,81.57
07.08.2025 13:17:00.000 UTC,1.16531,1.16531,1.1649,1.16497,125.72
07.08.2025 13:18:00.000 UTC,1.16496,1.1653,1.16494,1.16524,69.79
07.08.2025 13:19:00.000 UTC,1.16524,1.16529,1.16512,1.16516,81.18
07.08.2025 13:20:00.000 UTC,1.16511,1.16513,1.16488,1.16495,304.48
07.08.2025 13:21:00.000 UTC,1.16496,1.16496,1.16475,1.16494,232.85
07.08.2025 13:22:00.000 UTC,1.16492,1.16495,1.16414,1.1642,475.5
07.08.2025 13:23:00.000 UTC,1.16418,1.16419,1.16376,1.16379,336.53
07.08.2025 13:24:00.000 UTC,1.1638,1.16427,1.16378,1.16424,253.07
07.08.2025 13:25:00.000 UTC,1.16426,1.16466,1.16423,1.16466,95.83
07.08.2025 13:26:00.000 UTC,1.16466,1.16508,1.16466,1.16503,252.46
07.08.2025 13:27:00.000 UTC,1.16506,1.1652,1.16473,1.16489,304.67
07.08.2025 13:28:00.000 UTC,1.1649,1.16515,1.16479,1.16511,272.47
07.08.2025 13:29:00.000 UTC,1.1651,1.16538,1.16488,1.16538,345.75
07.08.2025 13:30:00.000 UTC,1.16541,1.16585,1.16541,1.16566,379.14